Country name,Country code,Region,Policy on fertility level,Year
Afghanistan,4,Asia,No intervention,"1976"
Albania,8,Europe,Maintain,"1976"
Algeria,12,Africa,No intervention,"1976"
Argentina,32,Latin Amer. & Caribbean,Raise,"1976"
Australia,36,Oceania,No intervention,"1976"
Austria,40,Europe,No intervention,"1976"
Bahamas,44,Latin Amer. & Caribbean,No intervention,"1976"
Bahrain,48,Asia,No intervention,"1976"
Bangladesh,50,Asia,Lower,"1976"
Barbados,52,Latin Amer. & Caribbean,Lower,"1976"
Belarus,112,Europe,Maintain,"1976"
Belgium,56,Europe,No intervention,"1976"
Benin,204,Africa,No intervention,"1976"
Bhutan,64,Asia,No intervention,"1976"
Bolivia (Plurinational State of),68,Latin Amer. & Caribbean,No intervention,"1976"
Botswana,72,Africa,Lower,"1976"
Brazil,76,Latin Amer. & Caribbean,No intervention,"1976"
Bulgaria,100,Europe,Raise,"1976"
Burkina Faso,854,Africa,No intervention,"1976"
Burundi,108,Africa,No intervention,"1976"
Cabo Verde,132,Africa,No intervention,"1976"
Cambodia,116,Asia,Raise,"1976"
Cameroon,120,Africa,No intervention,"1976"
Canada,124,Northern America,No intervention,"1976"
Central African Republic,140,Africa,No intervention,"1976"
Chad,148,Africa,No intervention,"1976"
Chile,152,Latin Amer. & Caribbean,No intervention,"1976"
China,156,Asia,Lower,"1976"
Colombia,170,Latin Amer. & Caribbean,Lower,"1976"
Comoros,174,Africa,No intervention,"1976"
Congo,178,Africa,No intervention,"1976"
Costa Rica,188,Latin Amer. & Caribbean,No intervention,"1976"
Côte d'Ivoire,384,Africa,Maintain,"1976"
Cuba,192,Latin Amer. & Caribbean,No intervention,"1976"
Cyprus,196,Asia,No intervention,"1976"
Democratic People's Republic of Korea,408,Asia,Maintain,"1976"
Democratic Republic of the Congo,180,Africa,No intervention,"1976"
Denmark,208,Europe,No intervention,"1976"
Dominican Republic,214,Latin Amer. & Caribbean,Lower,"1976"
Ecuador,218,Latin Amer. & Caribbean,No intervention,"1976"
Egypt,818,Africa,Lower,"1976"
El Salvador,222,Latin Amer. & Caribbean,Lower,"1976"
Equatorial Guinea,226,Africa,No intervention,"1976"
Ethiopia,231,Africa,No intervention,"1976"
Fiji,242,Oceania,Lower,"1976"
Finland,246,Europe,Raise,"1976"
France,250,Europe,Raise,"1976"
Gabon,266,Africa,Raise,"1976"
Gambia,270,Africa,No intervention,"1976"
Ghana,288,Africa,Lower,"1976"
Greece,300,Europe,Raise,"1976"
Grenada,308,Latin Amer. & Caribbean,Lower,"1976"
Guatemala,320,Latin Amer. & Caribbean,No intervention,"1976"
Guinea,324,Africa,No intervention,"1976"
Guinea-Bissau,624,Africa,No intervention,"1976"
Guyana,328,Latin Amer. & Caribbean,No intervention,"1976"
Haiti,332,Latin Amer. & Caribbean,Lower,"1976"
Holy See,336,Europe,No intervention,"1976"
Honduras,340,Latin Amer. & Caribbean,Lower,"1976"
Hungary,348,Europe,Maintain,"1976"
Iceland,352,Europe,No intervention,"1976"
India,356,Asia,Lower,"1976"
Indonesia,360,Asia,Lower,"1976"
Iran (Islamic Republic of),364,Asia,Lower,"1976"
Iraq,368,Asia,Maintain,"1976"
Ireland,372,Europe,Maintain,"1976"
Israel,376,Asia,Raise,"1976"
Italy,380,Europe,No intervention,"1976"
Jamaica,388,Latin Amer. & Caribbean,Lower,"1976"
Japan,392,Asia,No intervention,"1976"
Jordan,400,Asia,No intervention,"1976"
Kenya,404,Africa,Lower,"1976"
Kuwait,414,Asia,Maintain,"1976"
Lao People's Democratic Republic,418,Asia,Maintain,"1976"
Lebanon,422,Asia,No intervention,"1976"
Lesotho,426,Africa,Lower,"1976"
Liberia,430,Africa,No intervention,"1976"
Libya,434,Africa,Raise,"1976"
Liechtenstein,438,Europe,Raise,"1976"
Luxembourg,442,Europe,Raise,"1976"
Madagascar,450,Africa,No intervention,"1976"
Malawi,454,Africa,No intervention,"1976"
Malaysia,458,Asia,Lower,"1976"
Maldives,462,Asia,No intervention,"1976"
Mali,466,Africa,No intervention,"1976"
Malta,470,Europe,No intervention,"1976"
Mauritania,478,Africa,No intervention,"1976"
Mauritius,480,Africa,Lower,"1976"
Mexico,484,Latin Amer. & Caribbean,Lower,"1976"
Monaco,492,Europe,Raise,"1976"
Mongolia,496,Asia,Maintain,"1976"
Morocco,504,Africa,Lower,"1976"
Mozambique,508,Africa,Maintain,"1976"
Myanmar,104,Asia,No intervention,"1976"
Nauru,520,Oceania,Maintain,"1976"
Nepal,524,Asia,Lower,"1976"
Netherlands,528,Europe,No intervention,"1976"
New Zealand,554,Oceania,No intervention,"1976"
Nicaragua,558,Latin Amer. & Caribbean,No intervention,"1976"
Niger,562,Africa,No intervention,"1976"
Nigeria,566,Africa,No intervention,"1976"
Norway,578,Europe,No intervention,"1976"
Oman,512,Asia,Maintain,"1976"
Pakistan,586,Asia,Lower,"1976"
Panama,591,Latin Amer. & Caribbean,No intervention,"1976"
Papua New Guinea,598,Oceania,Lower,"1976"
Paraguay,600,Latin Amer. & Caribbean,No intervention,"1976"
Peru,604,Latin Amer. & Caribbean,No intervention,"1976"
Philippines,608,Asia,Lower,"1976"
Poland,616,Europe,Maintain,"1976"
Portugal,620,Europe,No intervention,"1976"
Qatar,634,Asia,Maintain,"1976"
Republic of Korea,410,Asia,Lower,"1976"
Romania,642,Europe,Maintain,"1976"
Rwanda,646,Africa,No intervention,"1976"
Samoa,882,Oceania,Lower,"1976"
San Marino,674,Europe,No intervention,"1976"
Sao Tome and Principe,678,Africa,No intervention,"1976"
Saudi Arabia,682,Asia,Maintain,"1976"
Senegal,686,Africa,No intervention,"1976"
Seychelles,690,Africa,Lower,"1976"
Sierra Leone,694,Africa,No intervention,"1976"
Singapore,702,Asia,No intervention,"1976"
Somalia,706,Africa,No intervention,"1976"
South Africa,710,Africa,Lower,"1976"
Spain,724,Europe,No intervention,"1976"
Sri Lanka,144,Asia,Lower,"1976"
Sudan (including South Sudan),736,Africa,No intervention,"1976"
Suriname,740,Latin Amer. & Caribbean,No intervention,"1976"
Swaziland,748,Africa,Lower,"1976"
Sweden,752,Europe,No intervention,"1976"
Switzerland,756,Europe,No intervention,"1976"
Syrian Arab Republic,760,Asia,No intervention,"1976"
Thailand,764,Asia,Lower,"1976"
Togo,768,Africa,No intervention,"1976"
Tonga,776,Oceania,Lower,"1976"
Trinidad and Tobago,780,Latin Amer. & Caribbean,Lower,"1976"
Tunisia,788,Africa,Lower,"1976"
Turkey,792,Asia,Lower,"1976"
Uganda,800,Africa,Lower,"1976"
Ukraine,804,Europe,Maintain,"1976"
United Arab Emirates,784,Asia,Maintain,"1976"
United Kingdom,826,Europe,No intervention,"1976"
United Republic of Tanzania,834,Africa,No intervention,"1976"
United States of America,840,Northern America,No intervention,"1976"
Uruguay,858,Latin Amer. & Caribbean,Raise,"1976"
Venezuela (Bolivarian Republic of),862,Latin Amer. & Caribbean,No intervention,"1976"
Viet Nam,704,Asia,Lower,"1976"
Yemen,887,Asia,No intervention,"1976"
Zambia,894,Africa,No intervention,"1976"
Afghanistan,4,Asia,No intervention,"1986"
Albania,8,Europe,Maintain,"1986"
Algeria,12,Africa,Lower,"1986"
Angola,24,Africa,No intervention,"1986"
Antigua and Barbuda,28,Latin Amer. & Caribbean,Lower,"1986"
Argentina,32,Latin Amer. & Caribbean,No intervention,"1986"
Australia,36,Oceania,No intervention,"1986"
Austria,40,Europe,No intervention,"1986"
Bahamas,44,Latin Amer. & Caribbean,No intervention,"1986"
Bahrain,48,Asia,No intervention,"1986"
Bangladesh,50,Asia,Lower,"1986"
Barbados,52,Latin Amer. & Caribbean,Lower,"1986"
Belarus,112,Europe,Maintain,"1986"
Belgium,56,Europe,Maintain,"1986"
Belize,84,Latin Amer. & Caribbean,No intervention,"1986"
Benin,204,Africa,No intervention,"1986"
Bhutan,64,Asia,No intervention,"1986"
Bolivia (Plurinational State of),68,Latin Amer. & Caribbean,No intervention,"1986"
Botswana,72,Africa,Lower,"1986"
Brazil,76,Latin Amer. & Caribbean,No intervention,"1986"
Brunei Darussalam,96,Asia,No intervention,"1986"
Bulgaria,100,Europe,Raise,"1986"
Burkina Faso,854,Africa,No intervention,"1986"
Burundi,108,Africa,Lower,"1986"
Cabo Verde,132,Africa,No intervention,"1986"
Cambodia,116,Asia,Raise,"1986"
Cameroon,120,Africa,No intervention,"1986"
Canada,124,Northern America,No intervention,"1986"
Central African Republic,140,Africa,No intervention,"1986"
Chad,148,Africa,No intervention,"1986"
Chile,152,Latin Amer. & Caribbean,No intervention,"1986"
China,156,Asia,Lower,"1986"
Colombia,170,Latin Amer. & Caribbean,No intervention,"1986"
Comoros,174,Africa,Lower,"1986"
Congo,178,Africa,No intervention,"1986"
Costa Rica,188,Latin Amer. & Caribbean,No intervention,"1986"
Côte d'Ivoire,384,Africa,Raise,"1986"
Cuba,192,Latin Amer. & Caribbean,No intervention,"1986"
Cyprus,196,Asia,Raise,"1986"
Democratic People's Republic of Korea,408,Asia,Maintain,"1986"
Democratic Republic of the Congo,180,Africa,No intervention,"1986"
Denmark,208,Europe,No intervention,"1986"
Djibouti,262,Africa,No intervention,"1986"
Dominica,212,Latin Amer. & Caribbean,Lower,"1986"
Dominican Republic,214,Latin Amer. & Caribbean,Lower,"1986"
Ecuador,218,Latin Amer. & Caribbean,No intervention,"1986"
Egypt,818,Africa,Lower,"1986"
El Salvador,222,Latin Amer. & Caribbean,Lower,"1986"
Equatorial Guinea,226,Africa,Raise,"1986"
Ethiopia,231,Africa,No intervention,"1986"
Fiji,242,Oceania,Lower,"1986"
Finland,246,Europe,No intervention,"1986"
France,250,Europe,Raise,"1986"
Gabon,266,Africa,Raise,"1986"
Gambia,270,Africa,Lower,"1986"
Ghana,288,Africa,Lower,"1986"
Greece,300,Europe,Raise,"1986"
Grenada,308,Latin Amer. & Caribbean,Lower,"1986"
Guatemala,320,Latin Amer. & Caribbean,No intervention,"1986"
Guinea,324,Africa,No intervention,"1986"
Guinea-Bissau,624,Africa,No intervention,"1986"
Guyana,328,Latin Amer. & Caribbean,No intervention,"1986"
Haiti,332,Latin Amer. & Caribbean,Lower,"1986"
Holy See,336,Europe,No intervention,"1986"
Honduras,340,Latin Amer. & Caribbean,Lower,"1986"
Hungary,348,Europe,Raise,"1986"
Iceland,352,Europe,No intervention,"1986"
India,356,Asia,Lower,"1986"
Indonesia,360,Asia,Lower,"1986"
Iran (Islamic Republic of),364,Asia,No intervention,"1986"
Iraq,368,Asia,Raise,"1986"
Ireland,372,Europe,Maintain,"1986"
Israel,376,Asia,Raise,"1986"
Italy,380,Europe,No intervention,"1986"
Jamaica,388,Latin Amer. & Caribbean,Lower,"1986"
Japan,392,Asia,No intervention,"1986"
Jordan,400,Asia,No intervention,"1986"
Kenya,404,Africa,Lower,"1986"
Kiribati,296,Oceania,Lower,"1986"
Kuwait,414,Asia,Raise,"1986"
Lao People's Democratic Republic,418,Asia,Maintain,"1986"
Lebanon,422,Asia,No intervention,"1986"
Lesotho,426,Africa,Lower,"1986"
Liberia,430,Africa,No intervention,"1986"
Libya,434,Africa,No intervention,"1986"
Liechtenstein,438,Europe,Raise,"1986"
Luxembourg,442,Europe,Raise,"1986"
Madagascar,450,Africa,No intervention,"1986"
Malawi,454,Africa,No intervention,"1986"
Malaysia,458,Asia,Maintain,"1986"
Maldives,462,Asia,No intervention,"1986"
Mali,466,Africa,Maintain,"1986"
Malta,470,Europe,No intervention,"1986"
Mauritania,478,Africa,No intervention,"1986"
Mauritius,480,Africa,Lower,"1986"
Mexico,484,Latin Amer. & Caribbean,Lower,"1986"
Monaco,492,Europe,Raise,"1986"
Mongolia,496,Asia,Raise,"1986"
Morocco,504,Africa,Lower,"1986"
Mozambique,508,Africa,No intervention,"1986"
Myanmar,104,Asia,No intervention,"1986"
Nauru,520,Oceania,Maintain,"1986"
Nepal,524,Asia,Lower,"1986"
Netherlands,528,Europe,No intervention,"1986"
New Zealand,554,Oceania,No intervention,"1986"
Nicaragua,558,Latin Amer. & Caribbean,No intervention,"1986"
Niger,562,Africa,Lower,"1986"
Nigeria,566,Africa,Lower,"1986"
Norway,578,Europe,No intervention,"1986"
Oman,512,Asia,Maintain,"1986"
Pakistan,586,Asia,Lower,"1986"
Panama,591,Latin Amer. & Caribbean,No intervention,"1986"
Papua New Guinea,598,Oceania,No intervention,"1986"
Paraguay,600,Latin Amer. & Caribbean,No intervention,"1986"
Peru,604,Latin Amer. & Caribbean,Lower,"1986"
Philippines,608,Asia,Lower,"1986"
Poland,616,Europe,Maintain,"1986"
Portugal,620,Europe,No intervention,"1986"
Qatar,634,Asia,Maintain,"1986"
Republic of Korea,410,Asia,Lower,"1986"
Romania,642,Europe,Raise,"1986"
Rwanda,646,Africa,Lower,"1986"
Saint Kitts and Nevis,659,Latin Amer. & Caribbean,Lower,"1986"
Saint Lucia,662,Latin Amer. & Caribbean,Lower,"1986"
Saint Vincent and the Grenadines,670,Latin Amer. & Caribbean,Lower,"1986"
Samoa,882,Oceania,Lower,"1986"
San Marino,674,Europe,No intervention,"1986"
Sao Tome and Principe,678,Africa,Maintain,"1986"
Saudi Arabia,682,Asia,Maintain,"1986"
Senegal,686,Africa,Lower,"1986"
Seychelles,690,Africa,Lower,"1986"
Sierra Leone,694,Africa,No intervention,"1986"
Singapore,702,Asia,Raise,"1986"
Solomon Islands,90,Oceania,No intervention,"1986"
Somalia,706,Africa,No intervention,"1986"
South Africa,710,Africa,Lower,"1986"
Spain,724,Europe,No intervention,"1986"
Sri Lanka,144,Asia,Lower,"1986"
Sudan (including South Sudan),736,Africa,No intervention,"1986"
Suriname,740,Latin Amer. & Caribbean,No intervention,"1986"
Swaziland,748,Africa,Lower,"1986"
Sweden,752,Europe,No intervention,"1986"
Switzerland,756,Europe,No intervention,"1986"
Syrian Arab Republic,760,Asia,No intervention,"1986"
Thailand,764,Asia,Lower,"1986"
Togo,768,Africa,Maintain,"1986"
Tonga,776,Oceania,Lower,"1986"
Trinidad and Tobago,780,Latin Amer. & Caribbean,Lower,"1986"
Tunisia,788,Africa,Lower,"1986"
Turkey,792,Asia,Lower,"1986"
Tuvalu,798,Oceania,Lower,"1986"
Uganda,800,Africa,Lower,"1986"
Ukraine,804,Europe,Maintain,"1986"
United Arab Emirates,784,Asia,Raise,"1986"
United Kingdom,826,Europe,No intervention,"1986"
United Republic of Tanzania,834,Africa,No intervention,"1986"
United States of America,840,Northern America,No intervention,"1986"
Uruguay,858,Latin Amer. & Caribbean,No intervention,"1986"
Vanuatu,548,Oceania,No intervention,"1986"
Venezuela (Bolivarian Republic of),862,Latin Amer. & Caribbean,No intervention,"1986"
Viet Nam,704,Asia,Lower,"1986"
Yemen,887,Asia,Lower,"1986"
Zambia,894,Africa,No intervention,"1986"
Zimbabwe,716,Africa,Lower,"1986"
Afghanistan,4,Asia,Lower,"2015"
Albania,8,Europe,Maintain,"2015"
Algeria,12,Africa,Lower,"2015"
Andorra,20,Europe,Maintain,"2015"
Angola,24,Africa,Lower,"2015"
Antigua and Barbuda,28,Latin Amer. & Caribbean,No intervention,"2015"
Argentina,32,Latin Amer. & Caribbean,Maintain,"2015"
Armenia,51,Asia,Raise,"2015"
Australia,36,Oceania,Raise,"2015"
Austria,40,Europe,Raise,"2015"
Azerbaijan,31,Asia,Maintain,"2015"
Bahamas,44,Latin Amer. & Caribbean,No intervention,"2015"
Bahrain,48,Asia,Lower,"2015"
Bangladesh,50,Asia,Lower,"2015"
Barbados,52,Latin Amer. & Caribbean,Raise,"2015"
Belarus,112,Europe,Raise,"2015"
Belgium,56,Europe,No official policy,"2015"
Belize,84,Latin Amer. & Caribbean,Lower,"2015"
Benin,204,Africa,Lower,"2015"
Bhutan,64,Asia,Lower,"2015"
Bolivia (Plurinational State of),68,Latin Amer. & Caribbean,Maintain,"2015"
Bosnia and Herzegovina,70,Europe,No intervention,"2015"
Botswana,72,Africa,Maintain,"2015"
Brazil,76,Latin Amer. & Caribbean,No official policy,"2015"
Brunei Darussalam,96,Asia,No intervention,"2015"
Bulgaria,100,Europe,Raise,"2015"
Burkina Faso,854,Africa,Lower,"2015"
Burundi,108,Africa,Lower,"2015"
Cabo Verde,132,Africa,Lower,"2015"
Cambodia,116,Asia,Lower,"2015"
Cameroon,120,Africa,No official policy,"2015"
Canada,124,Northern America,No intervention,"2015"
Central African Republic,140,Africa,Lower,"2015"
Chad,148,Africa,Lower,"2015"
Chile,152,Latin Amer. & Caribbean,Raise,"2015"
China,156,Asia,Raise,"2015"
Colombia,170,Latin Amer. & Caribbean,Lower,"2015"
Comoros,174,Africa,Lower,"2015"
Congo,178,Africa,Lower,"2015"
Cook Islands,184,Oceania,Raise,"2015"
Costa Rica,188,Latin Amer. & Caribbean,Maintain,"2015"
Côte d'Ivoire,384,Africa,Lower,"2015"
Croatia,191,Europe,Raise,"2015"
Cuba,192,Latin Amer. & Caribbean,Raise,"2015"
Cyprus,196,Asia,Raise,"2015"
Czech Republic,203,Europe,Raise,"2015"
Democratic People's Republic of Korea,408,Asia,Raise,"2015"
Democratic Republic of the Congo,180,Africa,Lower,"2015"
Denmark,208,Europe,No official policy,"2015"
Djibouti,262,Africa,Lower,"2015"
Dominica,212,Latin Amer. & Caribbean,No intervention,"2015"
Dominican Republic,214,Latin Amer. & Caribbean,Lower,"2015"
Ecuador,218,Latin Amer. & Caribbean,Lower,"2015"
Egypt,818,Africa,Lower,"2015"
El Salvador,222,Latin Amer. & Caribbean,No intervention,"2015"
Equatorial Guinea,226,Africa,Maintain,"2015"
Eritrea,232,Africa,Lower,"2015"
Estonia,233,Europe,Raise,"2015"
Ethiopia,231,Africa,Lower,"2015"
Fiji,242,Oceania,Lower,"2015"
Finland,246,Europe,No official policy,"2015"
France,250,Europe,Raise,"2015"
Gabon,266,Africa,Raise,"2015"
Gambia,270,Africa,Lower,"2015"
Georgia,268,Asia,Raise,"2015"
Germany,276,Europe,Raise,"2015"
Ghana,288,Africa,Lower,"2015"
Greece,300,Europe,Raise,"2015"
Grenada,308,Latin Amer. & Caribbean,Maintain,"2015"
Guatemala,320,Latin Amer. & Caribbean,Lower,"2015"
Guinea,324,Africa,Lower,"2015"
Guinea-Bissau,624,Africa,Lower,"2015"
Guyana,328,Latin Amer. & Caribbean,No intervention,"2015"
Haiti,332,Latin Amer. & Caribbean,Lower,"2015"
Holy See,336,Europe,Raise,"2015"
Honduras,340,Latin Amer. & Caribbean,Lower,"2015"
Hungary,348,Europe,Raise,"2015"
Iceland,352,Europe,Maintain,"2015"
India,356,Asia,Lower,"2015"
Indonesia,360,Asia,Lower,"2015"
Iran (Islamic Republic of),364,Asia,Raise,"2015"
Iraq,368,Asia,Lower,"2015"
Ireland,372,Europe,No official policy,"2015"
Israel,376,Asia,Raise,"2015"
Italy,380,Europe,Raise,"2015"
Jamaica,388,Latin Amer. & Caribbean,Lower,"2015"
Japan,392,Asia,Raise,"2015"
Jordan,400,Asia,Lower,"2015"
Kazakhstan,398,Asia,Maintain,"2015"
Kenya,404,Africa,Lower,"2015"
Kiribati,296,Oceania,Lower,"2015"
Kuwait,414,Asia,Raise,"2015"
Kyrgyzstan,417,Asia,Maintain,"2015"
Lao People's Democratic Republic,418,Asia,Lower,"2015"
Latvia,428,Europe,Raise,"2015"
Lebanon,422,Asia,No official policy,"2015"
Lesotho,426,Africa,Lower,"2015"
Liberia,430,Africa,Lower,"2015"
Libya,434,Africa,No intervention,"2015"
Liechtenstein,438,Europe,Raise,"2015"
Lithuania,440,Europe,Raise,"2015"
Luxembourg,442,Europe,Raise,"2015"
Madagascar,450,Africa,Lower,"2015"
Malawi,454,Africa,Lower,"2015"
Malaysia,458,Asia,Maintain,"2015"
Maldives,462,Asia,Maintain,"2015"
Mali,466,Africa,Lower,"2015"
Malta,470,Europe,Raise,"2015"
Marshall Islands,584,Oceania,Lower,"2015"
Mauritania,478,Africa,Lower,"2015"
Mauritius,480,Africa,Raise,"2015"
Mexico,484,Latin Amer. & Caribbean,Lower,"2015"
Micronesia (Federated States of),583,Oceania,Lower,"2015"
Monaco,492,Europe,Maintain,"2015"
Mongolia,496,Asia,Raise,"2015"
Montenegro,499,Europe,Raise,"2015"
Morocco,504,Africa,Maintain,"2015"
Mozambique,508,Africa,Lower,"2015"
Myanmar,104,Asia,Lower,"2015"
Namibia,516,Africa,Lower,"2015"
Nauru,520,Oceania,Maintain,"2015"
Nepal,524,Asia,Lower,"2015"
Netherlands,528,Europe,No intervention,"2015"
New Zealand,554,Oceania,Maintain,"2015"
Nicaragua,558,Latin Amer. & Caribbean,Lower,"2015"
Niger,562,Africa,Lower,"2015"
Nigeria,566,Africa,Lower,"2015"
Niue,570,Oceania,Raise,"2015"
Norway,578,Europe,No official policy,"2015"
Oman,512,Asia,Maintain,"2015"
Pakistan,586,Asia,Lower,"2015"
Palau,585,Oceania,No intervention,"2015"
Panama,591,Latin Amer. & Caribbean,No official policy,"2015"
Papua New Guinea,598,Oceania,Lower,"2015"
Paraguay,600,Latin Amer. & Caribbean,Maintain,"2015"
Peru,604,Latin Amer. & Caribbean,Lower,"2015"
Philippines,608,Asia,Lower,"2015"
Poland,616,Europe,Raise,"2015"
Portugal,620,Europe,Raise,"2015"
Qatar,634,Asia,Raise,"2015"
Republic of Korea,410,Asia,Raise,"2015"
Republic of Moldova,498,Europe,Raise,"2015"
Romania,642,Europe,Raise,"2015"
Russian Federation,643,Europe,Raise,"2015"
Rwanda,646,Africa,Lower,"2015"
Saint Kitts and Nevis,659,Latin Amer. & Caribbean,No intervention,"2015"
Saint Lucia,662,Latin Amer. & Caribbean,Maintain,"2015"
Saint Vincent and the Grenadines,670,Latin Amer. & Caribbean,Maintain,"2015"
Samoa,882,Oceania,Lower,"2015"
San Marino,674,Europe,No intervention,"2015"
Sao Tome and Principe,678,Africa,Lower,"2015"
Saudi Arabia,682,Asia,Raise,"2015"
Senegal,686,Africa,Lower,"2015"
Serbia,688,Europe,Raise,"2015"
Seychelles,690,Africa,No intervention,"2015"
Sierra Leone,694,Africa,Lower,"2015"
Singapore,702,Asia,Raise,"2015"
Slovakia,703,Europe,Raise,"2015"
Slovenia,705,Europe,Raise,"2015"
Solomon Islands,90,Oceania,Lower,"2015"
Somalia,706,Africa,Lower,"2015"
South Africa,710,Africa,Maintain,"2015"
South Sudan,728,Africa,Lower,"2015"
Spain,724,Europe,Raise,"2015"
Sri Lanka,144,Asia,Maintain,"2015"
State of Palestine,275,Asia,Maintain,"2015"
Sudan,729,Africa,Lower,"2015"
Suriname,740,Latin Amer. & Caribbean,Maintain,"2015"
Swaziland,748,Africa,Lower,"2015"
Sweden,752,Europe,No official policy,"2015"
Switzerland,756,Europe,No official policy,"2015"
Syrian Arab Republic,760,Asia,Lower,"2015"
Tajikistan,762,Asia,Lower,"2015"
Thailand,764,Asia,Raise,"2015"
The former Yugoslav Rep. of Macedonia,807,Europe,Raise,"2015"
Timor-Leste,626,Asia,Lower,"2015"
Togo,768,Africa,Lower,"2015"
Tonga,776,Oceania,Maintain,"2015"
Trinidad and Tobago,780,Latin Amer. & Caribbean,Maintain,"2015"
Tunisia,788,Africa,Lower,"2015"
Turkey,792,Asia,Raise,"2015"
Turkmenistan,795,Asia,Raise,"2015"
Tuvalu,798,Oceania,Lower,"2015"
Uganda,800,Africa,Lower,"2015"
Ukraine,804,Europe,Raise,"2015"
United Arab Emirates,784,Asia,Raise,"2015"
United Kingdom,826,Europe,No intervention,"2015"
United Republic of Tanzania,834,Africa,Lower,"2015"
United States of America,840,Northern America,No intervention,"2015"
Uruguay,858,Latin Amer. & Caribbean,No official policy,"2015"
Uzbekistan,860,Asia,Maintain,"2015"
Vanuatu,548,Oceania,Lower,"2015"
Venezuela (Bolivarian Republic of),862,Latin Amer. & Caribbean,No intervention,"2015"
Viet Nam,704,Asia,Maintain,"2015"
Yemen,887,Asia,Lower,"2015"
Zambia,894,Africa,Lower,"2015"
Zimbabwe,716,Africa,Lower,"2015"
Afghanistan,4,Asia,No intervention,"2005"
Albania,8,Europe,Maintain,"2005"
Algeria,12,Africa,Lower,"2005"
Andorra,20,Europe,Maintain,"2005"
Angola,24,Africa,Maintain,"2005"
Antigua and Barbuda,28,Latin Amer. & Caribbean,No intervention,"2005"
Argentina,32,Latin Amer. & Caribbean,No intervention,"2005"
Armenia,51,Asia,Raise,"2005"
Australia,36,Oceania,Raise,"2005"
Austria,40,Europe,Raise,"2005"
Azerbaijan,31,Asia,Maintain,"2005"
Bahamas,44,Latin Amer. & Caribbean,No intervention,"2005"
Bahrain,48,Asia,Lower,"2005"
Bangladesh,50,Asia,Lower,"2005"
Barbados,52,Latin Amer. & Caribbean,Raise,"2005"
Belarus,112,Europe,Raise,"2005"
Belgium,56,Europe,No intervention,"2005"
Belize,84,Latin Amer. & Caribbean,No intervention,"2005"
Benin,204,Africa,Lower,"2005"
Bhutan,64,Asia,Lower,"2005"
Bolivia (Plurinational State of),68,Latin Amer. & Caribbean,No intervention,"2005"
Bosnia and Herzegovina,70,Europe,No intervention,"2005"
Botswana,72,Africa,Lower,"2005"
Brazil,76,Latin Amer. & Caribbean,No intervention,"2005"
Brunei Darussalam,96,Asia,No intervention,"2005"
Bulgaria,100,Europe,Raise,"2005"
Burkina Faso,854,Africa,Lower,"2005"
Burundi,108,Africa,Lower,"2005"
Cabo Verde,132,Africa,Lower,"2005"
Cambodia,116,Asia,Lower,"2005"
Cameroon,120,Africa,Lower,"2005"
Canada,124,Northern America,No intervention,"2005"
Central African Republic,140,Africa,No intervention,"2005"
Chad,148,Africa,No intervention,"2005"
Chile,152,Latin Amer. & Caribbean,No intervention,"2005"
China,156,Asia,Maintain,"2005"
Colombia,170,Latin Amer. & Caribbean,Lower,"2005"
Comoros,174,Africa,Lower,"2005"
Congo,178,Africa,Lower,"2005"
Cook Islands,184,Oceania,Raise,"2005"
Costa Rica,188,Latin Amer. & Caribbean,Lower,"2005"
Côte d'Ivoire,384,Africa,Lower,"2005"
Croatia,191,Europe,Raise,"2005"
Cuba,192,Latin Amer. & Caribbean,No intervention,"2005"
Cyprus,196,Asia,Raise,"2005"
Czech Republic,203,Europe,Raise,"2005"
Democratic People's Republic of Korea,408,Asia,No intervention,"2005"
Democratic Republic of the Congo,180,Africa,No intervention,"2005"
Denmark,208,Europe,No intervention,"2005"
Djibouti,262,Africa,No intervention,"2005"
Dominica,212,Latin Amer. & Caribbean,No intervention,"2005"
Dominican Republic,214,Latin Amer. & Caribbean,Lower,"2005"
Ecuador,218,Latin Amer. & Caribbean,Maintain,"2005"
Egypt,818,Africa,Lower,"2005"
El Salvador,222,Latin Amer. & Caribbean,No intervention,"2005"
Equatorial Guinea,226,Africa,Maintain,"2005"
Eritrea,232,Africa,Lower,"2005"
Estonia,233,Europe,Raise,"2005"
Ethiopia,231,Africa,Lower,"2005"
Fiji,242,Oceania,Lower,"2005"
Finland,246,Europe,Raise,"2005"
France,250,Europe,Raise,"2005"
Gabon,266,Africa,Raise,"2005"
Gambia,270,Africa,Lower,"2005"
Georgia,268,Asia,Raise,"2005"
Germany,276,Europe,No intervention,"2005"
Ghana,288,Africa,Lower,"2005"
Greece,300,Europe,Raise,"2005"
Grenada,308,Latin Amer. & Caribbean,Lower,"2005"
Guatemala,320,Latin Amer. & Caribbean,Lower,"2005"
Guinea,324,Africa,Lower,"2005"
Guinea-Bissau,624,Africa,No intervention,"2005"
Guyana,328,Latin Amer. & Caribbean,No intervention,"2005"
Haiti,332,Latin Amer. & Caribbean,Lower,"2005"
Holy See,336,Europe,No intervention,"2005"
Honduras,340,Latin Amer. & Caribbean,Lower,"2005"
Hungary,348,Europe,Raise,"2005"
Iceland,352,Europe,Maintain,"2005"
India,356,Asia,Lower,"2005"
Indonesia,360,Asia,Lower,"2005"
Iran (Islamic Republic of),364,Asia,Lower,"2005"
Iraq,368,Asia,No intervention,"2005"
Ireland,372,Europe,Maintain,"2005"
Israel,376,Asia,Raise,"2005"
Italy,380,Europe,Raise,"2005"
Jamaica,388,Latin Amer. & Caribbean,Lower,"2005"
Japan,392,Asia,Raise,"2005"
Jordan,400,Asia,Lower,"2005"
Kazakhstan,398,Asia,Raise,"2005"
Kenya,404,Africa,Lower,"2005"
Kiribati,296,Oceania,Lower,"2005"
Kuwait,414,Asia,Raise,"2005"
Kyrgyzstan,417,Asia,Maintain,"2005"
Lao People's Democratic Republic,418,Asia,Lower,"2005"
Latvia,428,Europe,Raise,"2005"
Lebanon,422,Asia,Lower,"2005"
Lesotho,426,Africa,Lower,"2005"
Liberia,430,Africa,Lower,"2005"
Libya,434,Africa,No intervention,"2005"
Liechtenstein,438,Europe,No intervention,"2005"
Lithuania,440,Europe,Raise,"2005"
Luxembourg,442,Europe,Maintain,"2005"
Madagascar,450,Africa,Lower,"2005"
Malawi,454,Africa,Lower,"2005"
Malaysia,458,Asia,No intervention,"2005"
Maldives,462,Asia,Lower,"2005"
Mali,466,Africa,Lower,"2005"
Malta,470,Europe,No intervention,"2005"
Marshall Islands,584,Oceania,Lower,"2005"
Mauritania,478,Africa,Lower,"2005"
Mauritius,480,Africa,Maintain,"2005"
Mexico,484,Latin Amer. & Caribbean,Lower,"2005"
Micronesia (Federated States of),583,Oceania,Lower,"2005"
Monaco,492,Europe,Maintain,"2005"
Mongolia,496,Asia,Raise,"2005"
Morocco,504,Africa,Lower,"2005"
Mozambique,508,Africa,Lower,"2005"
Myanmar,104,Asia,Maintain,"2005"
Namibia,516,Africa,Lower,"2005"
Nauru,520,Oceania,Maintain,"2005"
Nepal,524,Asia,Lower,"2005"
Netherlands,528,Europe,No intervention,"2005"
New Zealand,554,Oceania,Maintain,"2005"
Nicaragua,558,Latin Amer. & Caribbean,Lower,"2005"
Niger,562,Africa,Lower,"2005"
Nigeria,566,Africa,Lower,"2005"
Niue,570,Oceania,Raise,"2005"
Norway,578,Europe,Maintain,"2005"
Oman,512,Asia,Lower,"2005"
Pakistan,586,Asia,Lower,"2005"
Palau,585,Oceania,No intervention,"2005"
Panama,591,Latin Amer. & Caribbean,Maintain,"2005"
Papua New Guinea,598,Oceania,Lower,"2005"
Paraguay,600,Latin Amer. & Caribbean,No intervention,"2005"
Peru,604,Latin Amer. & Caribbean,Lower,"2005"
Philippines,608,Asia,Lower,"2005"
Poland,616,Europe,No intervention,"2005"
Portugal,620,Europe,Raise,"2005"
Qatar,634,Asia,Maintain,"2005"
Republic of Korea,410,Asia,Raise,"2005"
Republic of Moldova,498,Europe,Raise,"2005"
Romania,642,Europe,Raise,"2005"
Russian Federation,643,Europe,Raise,"2005"
Rwanda,646,Africa,Lower,"2005"
Saint Kitts and Nevis,659,Latin Amer. & Caribbean,No intervention,"2005"
Saint Lucia,662,Latin Amer. & Caribbean,Lower,"2005"
Saint Vincent and the Grenadines,670,Latin Amer. & Caribbean,Maintain,"2005"
Samoa,882,Oceania,Lower,"2005"
San Marino,674,Europe,No intervention,"2005"
Sao Tome and Principe,678,Africa,No intervention,"2005"
Saudi Arabia,682,Asia,Raise,"2005"
Senegal,686,Africa,Lower,"2005"
Serbia and Montenegro,891,Europe,Raise,"2005"
Seychelles,690,Africa,No intervention,"2005"
Sierra Leone,694,Africa,Lower,"2005"
Singapore,702,Asia,Raise,"2005"
Slovakia,703,Europe,Raise,"2005"
Slovenia,705,Europe,Raise,"2005"
Solomon Islands,90,Oceania,Lower,"2005"
Somalia,706,Africa,No intervention,"2005"
South Africa,710,Africa,Maintain,"2005"
Spain,724,Europe,Raise,"2005"
Sri Lanka,144,Asia,Maintain,"2005"
Sudan (including South Sudan),736,Africa,Lower,"2005"
Suriname,740,Latin Amer. & Caribbean,Maintain,"2005"
Swaziland,748,Africa,Lower,"2005"
Sweden,752,Europe,No intervention,"2005"
Switzerland,756,Europe,No intervention,"2005"
Syrian Arab Republic,760,Asia,No intervention,"2005"
Tajikistan,762,Asia,Lower,"2005"
Thailand,764,Asia,Maintain,"2005"
The former Yugoslav Rep. of Macedonia,807,Europe,No intervention,"2005"
Timor-Leste,626,Asia,No intervention,"2005"
Togo,768,Africa,Lower,"2005"
Tonga,776,Oceania,Maintain,"2005"
Trinidad and Tobago,780,Latin Amer. & Caribbean,Maintain,"2005"
Tunisia,788,Africa,Lower,"2005"
Turkey,792,Asia,Maintain,"2005"
Turkmenistan,795,Asia,Maintain,"2005"
Tuvalu,798,Oceania,Lower,"2005"
Uganda,800,Africa,Lower,"2005"
Ukraine,804,Europe,Raise,"2005"
United Arab Emirates,784,Asia,Maintain,"2005"
United Kingdom,826,Europe,No intervention,"2005"
United Republic of Tanzania,834,Africa,Lower,"2005"
United States of America,840,Northern America,No intervention,"2005"
Uruguay,858,Latin Amer. & Caribbean,No intervention,"2005"
Uzbekistan,860,Asia,Maintain,"2005"
Vanuatu,548,Oceania,Lower,"2005"
Venezuela (Bolivarian Republic of),862,Latin Amer. & Caribbean,Lower,"2005"
Viet Nam,704,Asia,Maintain,"2005"
Yemen,887,Asia,Lower,"2005"
Zambia,894,Africa,Lower,"2005"
Zimbabwe,716,Africa,Lower,"2005"
Afghanistan,4,Asia,No intervention,"1996"
Albania,8,Europe,Maintain,"1996"
Algeria,12,Africa,Lower,"1996"
Andorra,20,Europe,Maintain,"1996"
Angola,24,Africa,No intervention,"1996"
Antigua and Barbuda,28,Latin Amer. & Caribbean,No intervention,"1996"
Argentina,32,Latin Amer. & Caribbean,No intervention,"1996"
Armenia,51,Asia,Raise,"1996"
Australia,36,Oceania,No intervention,"1996"
Austria,40,Europe,No intervention,"1996"
Azerbaijan,31,Asia,Maintain,"1996"
Bahamas,44,Latin Amer. & Caribbean,No intervention,"1996"
Bahrain,48,Asia,Lower,"1996"
Bangladesh,50,Asia,Lower,"1996"
Barbados,52,Latin Amer. & Caribbean,No intervention,"1996"
Belarus,112,Europe,Raise,"1996"
Belgium,56,Europe,No intervention,"1996"
Belize,84,Latin Amer. & Caribbean,No intervention,"1996"
Benin,204,Africa,No intervention,"1996"
Bhutan,64,Asia,No intervention,"1996"
Bolivia (Plurinational State of),68,Latin Amer. & Caribbean,No intervention,"1996"
Bosnia and Herzegovina,70,Europe,No intervention,"1996"
Botswana,72,Africa,Lower,"1996"
Brazil,76,Latin Amer. & Caribbean,No intervention,"1996"
Brunei Darussalam,96,Asia,No intervention,"1996"
Bulgaria,100,Europe,Raise,"1996"
Burkina Faso,854,Africa,Lower,"1996"
Burundi,108,Africa,Lower,"1996"
Cabo Verde,132,Africa,Lower,"1996"
Cambodia,116,Asia,Lower,"1996"
Cameroon,120,Africa,Lower,"1996"
Canada,124,Northern America,No intervention,"1996"
Central African Republic,140,Africa,No intervention,"1996"
Chad,148,Africa,No intervention,"1996"
Chile,152,Latin Amer. & Caribbean,No intervention,"1996"
China,156,Asia,Lower,"1996"
Colombia,170,Latin Amer. & Caribbean,No intervention,"1996"
Comoros,174,Africa,Lower,"1996"
Congo,178,Africa,Lower,"1996"
Cook Islands,184,Oceania,Maintain,"1996"
Costa Rica,188,Latin Amer. & Caribbean,Lower,"1996"
Côte d'Ivoire,384,Africa,Raise,"1996"
Croatia,191,Europe,Raise,"1996"
Cuba,192,Latin Amer. & Caribbean,No intervention,"1996"
Cyprus,196,Asia,Raise,"1996"
Czech Republic,203,Europe,No intervention,"1996"
Democratic People's Republic of Korea,408,Asia,Maintain,"1996"
Democratic Republic of the Congo,180,Africa,No intervention,"1996"
Denmark,208,Europe,No intervention,"1996"
Djibouti,262,Africa,No intervention,"1996"
Dominica,212,Latin Amer. & Caribbean,Lower,"1996"
Dominican Republic,214,Latin Amer. & Caribbean,Lower,"1996"
Ecuador,218,Latin Amer. & Caribbean,Lower,"1996"
Egypt,818,Africa,Lower,"1996"
El Salvador,222,Latin Amer. & Caribbean,Lower,"1996"
Equatorial Guinea,226,Africa,Maintain,"1996"
Eritrea,232,Africa,Lower,"1996"
Estonia,233,Europe,Raise,"1996"
Ethiopia,231,Africa,Lower,"1996"
Fiji,242,Oceania,Lower,"1996"
Finland,246,Europe,Raise,"1996"
France,250,Europe,Raise,"1996"
Gabon,266,Africa,Raise,"1996"
Gambia,270,Africa,Lower,"1996"
Georgia,268,Asia,Raise,"1996"
Germany,276,Europe,No intervention,"1996"
Ghana,288,Africa,Lower,"1996"
Greece,300,Europe,Raise,"1996"
Grenada,308,Latin Amer. & Caribbean,Lower,"1996"
Guatemala,320,Latin Amer. & Caribbean,Lower,"1996"
Guinea,324,Africa,Lower,"1996"
Guinea-Bissau,624,Africa,No intervention,"1996"
Guyana,328,Latin Amer. & Caribbean,No intervention,"1996"
Haiti,332,Latin Amer. & Caribbean,Lower,"1996"
Holy See,336,Europe,No intervention,"1996"
Honduras,340,Latin Amer. & Caribbean,Lower,"1996"
Hungary,348,Europe,Raise,"1996"
Iceland,352,Europe,No intervention,"1996"
India,356,Asia,Lower,"1996"
Indonesia,360,Asia,Lower,"1996"
Iran (Islamic Republic of),364,Asia,Lower,"1996"
Iraq,368,Asia,Raise,"1996"
Ireland,372,Europe,Maintain,"1996"
Israel,376,Asia,Raise,"1996"
Italy,380,Europe,No intervention,"1996"
Jamaica,388,Latin Amer. & Caribbean,Lower,"1996"
Japan,392,Asia,No intervention,"1996"
Jordan,400,Asia,Lower,"1996"
Kazakhstan,398,Asia,Raise,"1996"
Kenya,404,Africa,Lower,"1996"
Kiribati,296,Oceania,Lower,"1996"
Kuwait,414,Asia,Maintain,"1996"
Kyrgyzstan,417,Asia,No intervention,"1996"
Lao People's Democratic Republic,418,Asia,Maintain,"1996"
Latvia,428,Europe,Raise,"1996"
Lebanon,422,Asia,No intervention,"1996"
Lesotho,426,Africa,Lower,"1996"
Liberia,430,Africa,Lower,"1996"
Libya,434,Africa,No intervention,"1996"
Liechtenstein,438,Europe,No intervention,"1996"
Lithuania,440,Europe,Raise,"1996"
Luxembourg,442,Europe,Raise,"1996"
Madagascar,450,Africa,Lower,"1996"
Malawi,454,Africa,Lower,"1996"
Malaysia,458,Asia,Lower,"1996"
Maldives,462,Asia,Lower,"1996"
Mali,466,Africa,Lower,"1996"
Malta,470,Europe,No intervention,"1996"
Marshall Islands,584,Oceania,Lower,"1996"
Mauritania,478,Africa,No intervention,"1996"
Mauritius,480,Africa,Maintain,"1996"
Mexico,484,Latin Amer. & Caribbean,Lower,"1996"
Micronesia (Federated States of),583,Oceania,Lower,"1996"
Monaco,492,Europe,Raise,"1996"
Mongolia,496,Asia,Maintain,"1996"
Morocco,504,Africa,Lower,"1996"
Mozambique,508,Africa,Lower,"1996"
Myanmar,104,Asia,No intervention,"1996"
Namibia,516,Africa,No intervention,"1996"
Nauru,520,Oceania,Maintain,"1996"
Nepal,524,Asia,Lower,"1996"
Netherlands,528,Europe,No intervention,"1996"
New Zealand,554,Oceania,No intervention,"1996"
Nicaragua,558,Latin Amer. & Caribbean,Lower,"1996"
Niger,562,Africa,Lower,"1996"
Nigeria,566,Africa,Lower,"1996"
Niue,570,Oceania,Raise,"1996"
Norway,578,Europe,No intervention,"1996"
Oman,512,Asia,Maintain,"1996"
Pakistan,586,Asia,Lower,"1996"
Palau,585,Oceania,No intervention,"1996"
Panama,591,Latin Amer. & Caribbean,No intervention,"1996"
Papua New Guinea,598,Oceania,Lower,"1996"
Paraguay,600,Latin Amer. & Caribbean,No intervention,"1996"
Peru,604,Latin Amer. & Caribbean,Lower,"1996"
Philippines,608,Asia,Lower,"1996"
Poland,616,Europe,No intervention,"1996"
Portugal,620,Europe,No intervention,"1996"
Qatar,634,Asia,Maintain,"1996"
Republic of Korea,410,Asia,No intervention,"1996"
Republic of Moldova,498,Europe,No intervention,"1996"
Romania,642,Europe,Raise,"1996"
Russian Federation,643,Europe,No intervention,"1996"
Rwanda,646,Africa,Lower,"1996"
Saint Kitts and Nevis,659,Latin Amer. & Caribbean,Lower,"1996"
Saint Lucia,662,Latin Amer. & Caribbean,Lower,"1996"
Saint Vincent and the Grenadines,670,Latin Amer. & Caribbean,Lower,"1996"
Samoa,882,Oceania,Lower,"1996"
San Marino,674,Europe,No intervention,"1996"
Sao Tome and Principe,678,Africa,No intervention,"1996"
Saudi Arabia,682,Asia,Maintain,"1996"
Senegal,686,Africa,Lower,"1996"
Serbia and Montenegro,891,Europe,Maintain,"1996"
Seychelles,690,Africa,Lower,"1996"
Sierra Leone,694,Africa,Lower,"1996"
Singapore,702,Asia,Raise,"1996"
Slovakia,703,Europe,Raise,"1996"
Slovenia,705,Europe,Raise,"1996"
Solomon Islands,90,Oceania,Lower,"1996"
Somalia,706,Africa,No intervention,"1996"
South Africa,710,Africa,Lower,"1996"
Spain,724,Europe,No intervention,"1996"
Sri Lanka,144,Asia,Lower,"1996"
Sudan (including South Sudan),736,Africa,Lower,"1996"
Suriname,740,Latin Amer. & Caribbean,No intervention,"1996"
Swaziland,748,Africa,Lower,"1996"
Sweden,752,Europe,No intervention,"1996"
Switzerland,756,Europe,No intervention,"1996"
Syrian Arab Republic,760,Asia,No intervention,"1996"
Tajikistan,762,Asia,Lower,"1996"
Thailand,764,Asia,Lower,"1996"
The former Yugoslav Rep. of Macedonia,807,Europe,Lower,"1996"
Togo,768,Africa,Maintain,"1996"
Tonga,776,Oceania,Maintain,"1996"
Trinidad and Tobago,780,Latin Amer. & Caribbean,Lower,"1996"
Tunisia,788,Africa,Lower,"1996"
Turkey,792,Asia,Lower,"1996"
Turkmenistan,795,Asia,No intervention,"1996"
Tuvalu,798,Oceania,Lower,"1996"
Uganda,800,Africa,Lower,"1996"
Ukraine,804,Europe,Raise,"1996"
United Arab Emirates,784,Asia,No intervention,"1996"
United Kingdom,826,Europe,No intervention,"1996"
United Republic of Tanzania,834,Africa,Lower,"1996"
United States of America,840,Northern America,No intervention,"1996"
Uruguay,858,Latin Amer. & Caribbean,Raise,"1996"
Uzbekistan,860,Asia,Maintain,"1996"
Vanuatu,548,Oceania,No intervention,"1996"
Venezuela (Bolivarian Republic of),862,Latin Amer. & Caribbean,Lower,"1996"
Viet Nam,704,Asia,Lower,"1996"
Yemen,887,Asia,Lower,"1996"
Zambia,894,Africa,Lower,"1996"
Zimbabwe,716,Africa,Lower,"1996"
